"","date","GMV","tv.spend","direct.all","direct.net.home","direct.home","organic.net.home","organic.all","organic.home","paid.brand","organic.net.home.forecast","organic.net.home.lift","organic.net.home.lift.low.bound","organic.net.home.lift.upper.bound","organic.home.forecast","organic.home.lift","organic.home.lift.low.bound","organic.home.lift.upper.bound","organic.all.forecast","organic.all.lift","organic.all.lift.low.bound","organic.all.lift.upper.bound","direct.net.home.forecast","direct.net.home.lift","direct.net.home.lift.low.bound","direct.net.home.lift.upper.bound","direct.home.forecast","direct.home.lift","direct.home.lift.low.bound","direct.home.lift.upper.bound","direct.all.forecast","direct.all.lift","direct.all.lift.low.bound","direct.all.lift.upper.bound","paid.brand.sessions.forecast","paid.brand.lift","paid.brand.lift.low.bound","paid.brand.lift.upper.bound","tv_forecasted"
"1",2013-09-02,NA,0,8870,6680,2190,4790,1978,1978,NA,4785.21000247453,0,0,0,1584.03640449018,0,0,0,1570.81384597879,0,0,0,6673.32000515386,0,0,0,1401.53221846409,0,0,0,8861.1300059723,0,0,0,NA,0,0,0,NA
"2",2013-09-09,NA,0,10573,7198,3375,4949,2234,2234,NA,4792.57671193878,0,0,0,1951.58685313635,0,0,0,1947.90257901532,0,0,0,6780.99514737849,0,0,0,2057.67123022221,0,0,0,9105.45313824254,0,0,0,NA,0,0,0,NA
"3",2013-09-16,NA,0,11038,6207,4831,4762,2226,2226,NA,4977.50408212934,0,0,0,2198.68486455032,0,0,0,2198.24773709524,0,0,0,6887.63521544878,0,0,0,2985.63202416543,0,0,0,9879.03743693047,0,0,0,NA,0,0,0,NA
"4",2013-09-23,NA,0,9881,6086,3795,5041,2023,2023,NA,4728.47633108275,0,0,0,2106.87211185504,0,0,0,2106.55894583307,0,0,0,6737.13903037964,0,0,0,4275.03787434768,0,0,0,10377.2067052918,0,0,0,NA,0,0,0,NA
"5",2013-09-30,NA,0,6886,5052,1834,5478,2299,2299,NA,5091.0165969407,0,0,0,1985.72833047427,0,0,0,1979.69176776999,0,0,0,6265.9335114206,0,0,0,3710.17717758658,0,0,0,10153.483056566,0,0,0,NA,0,0,0,NA
"6",2013-10-07,NA,0,7254,4289,2965,5515,2904,2904,NA,5556.34140811142,0,0,0,2334.71938774591,0,0,0,2335.21940137288,0,0,0,5848.26421603103,0,0,0,2092.96258543476,0,0,0,8798.06386192098,0,0,0,NA,0,0,0,NA
"7",2013-10-14,NA,0,6634,4091,2543,6222,2966,2966,NA,5521.63302540074,0,0,0,2817.25771195758,0,0,0,2827.11983390795,0,0,0,5224.07601737375,0,0,0,2671.22139018439,0,0,0,8160.71510301095,0,0,0,NA,0,0,0,NA
"8",2013-10-21,NA,0,6655,4539,2116,7521,3203,3203,NA,6348.74456644113,0,0,0,2743.37633354258,0,0,0,2750.63261525815,0,0,0,4800.29622142009,0,0,0,2450.87120893619,0,0,0,7532.17511011572,0,0,0,NA,0,0,0,NA
"9",2013-10-28,NA,0,5396,3450,1946,7003,2920,2920,NA,7753.87297285295,0,0,0,3160.65469760371,0,0,0,3168.89584792113,0,0,0,4820.43992884513,0,0,0,2080.96811956503,0,0,0,7171.21665585357,0,0,0,NA,0,0,0,NA
"10",2013-11-04,NA,0,6011,3919,2092,7456,2903,2903,NA,6910.13764438966,0,0,0,2696.72622545661,0,0,0,2696.14055511213,0,0,0,4566.10144771024,0,0,0,1882.22187404627,0,0,0,6441.08187416278,0,0,0,NA,0,0,0,NA
"11",2013-11-11,NA,0,7164,4640,2524,8566,3079,3079,NA,7537.20974341985,0,0,0,2978.02463222747,0,0,0,2974.02781861597,0,0,0,4150.66843885224,0,0,0,1958.6966426512,0,0,0,6264.21315095707,0,0,0,NA,0,0,0,NA
"12",2013-11-18,NA,0,7160,4819,2341,8533,2983,2983,NA,8764.99076202215,0,0,0,2980.36949295219,0,0,0,2980.33974720371,0,0,0,4474.50610923625,0,0,0,2306.2128888684,0,0,0,6634.25409384243,0,0,0,NA,0,0,0,NA
"13",2013-11-25,NA,0,14854,13050,1804,9591,2323,2323,NA,8527.08405842637,0,0,0,2913.13709484305,0,0,0,2907.43525564326,0,0,0,4818.6983802385,0,0,0,2228.30939406102,0,0,0,6850.47454316441,0,0,0,NA,0,0,0,NA
"14",2013-12-02,NA,0,6964,4574,2390,9652,2819,2819,NA,9780.66867226976,0,0,0,2234.54388006639,0,0,0,2217.81091670609,0,0,0,7421.82258487747,0,0,0,1799.45773240241,0,0,0,10141.9081596592,0,0,0,NA,0,0,0,NA
"15",2013-12-09,NA,0,7373,4988,2385,9209,2728,2728,NA,9662.93552836338,0,0,0,3059.93877376403,0,0,0,3054.22981459563,0,0,0,8007.22928915028,0,0,0,2173.69569305859,0,0,0,8835.00047139512,0,0,0,NA,0,0,0,NA
"16",2013-12-16,NA,0,6687,4756,1931,9421,2319,2319,NA,9129.58296614792,0,0,0,2452.4156270176,0,0,0,2446.48949596831,0,0,0,4747.70455230857,0,0,0,2238.10814418224,0,0,0,8233.75622512151,0,0,0,NA,0,0,0,NA
"17",2013-12-23,NA,0,6227,4953,1274,10394,1409,1409,NA,9459.00544283666,0,0,0,2398.29455959526,0,0,0,2382.46020217823,0,0,0,4778.36934223006,0,0,0,1899.30720649665,0,0,0,7597.65649280177,0,0,0,NA,0,0,0,NA
"18",2013-12-30,NA,0,6208,4482,1726,10482,2212,2212,NA,10568.4306409437,0,0,0,1338.45293383296,0,0,0,1311.76476453877,0,0,0,5476.93176420943,0,0,0,1330.20250137619,0,0,0,7033.97738147617,0,0,0,NA,0,0,0,NA
"19",2014-01-06,NA,0,6610,4698,1912,10357,2400,2400,NA,10497.7758441964,0,0,0,2633.38707742607,0,0,0,2624.72916532632,0,0,0,5189.47088076925,0,0,0,1575.38690473969,0,0,0,6694.29622177476,0,0,0,NA,0,0,0,NA
"20",2014-01-13,NA,0,7090,5135,1955,10598,2445,2445,NA,10334.5911304029,0,0,0,2034.35368141504,0,0,0,2034.12350032949,0,0,0,4804.84091719459,0,0,0,1763.734663258,0,0,0,6659.62960903315,0,0,0,NA,0,0,0,NA
"21",2014-01-20,NA,0,7023,4823,2200,11740,2697,2697,NA,10641.2043005832,0,0,0,2543.82383349941,0,0,0,2539.49686521843,0,0,0,5028.11976411615,0,0,0,1831.29745792794,0,0,0,6836.61836907337,0,0,0,NA,0,0,0,NA
"22",2014-01-27,NA,0,7603,5293,2310,12098,2684,2684,NA,11944.727432639,0,0,0,2534.5899274541,0,0,0,2540.83368466835,0,0,0,5129.74132407668,0,0,0,2032.79756716367,0,0,0,6913.26735431977,0,0,0,NA,0,0,0,NA
"23",2014-02-03,NA,0,8816,6661,2155,12489,2849,2849,NA,12162.1790025261,0,0,0,2613.96832488867,0,0,0,2612.18383634064,0,0,0,5072.82623960134,0,0,0,2154.49320190353,0,0,0,7196.91820061497,0,0,0,NA,0,0,0,NA
"24",2014-02-10,NA,0,7626,5418,2208,12296,2893,2893,NA,12559.0949440997,0,0,0,2787.33053104757,0,0,0,2791.50509736525,0,0,0,5656.77639000876,0,0,0,2057.01263433792,0,0,0,7862.76158992908,0,0,0,NA,0,0,0,NA
"25",2014-02-17,NA,0,7314,5169,2145,12170,2794,2794,NA,12261.4007053421,0,0,0,2786.61797812771,0,0,0,2786.25310487205,0,0,0,5848.76959906611,0,0,0,2080.15246893521,0,0,0,7765.39397109928,0,0,0,NA,0,0,0,NA
"26",2014-02-24,NA,0,6674,4885,1789,11556,2335,2335,NA,12147.4118594461,0,0,0,2725.08569124369,0,0,0,2722.80376755844,0,0,0,5247.99965465084,0,0,0,2035.72906441072,0,0,0,7579.75931586447,0,0,0,NA,0,0,0,NA
"27",2014-03-03,NA,0,7345,5565,1780,11349,2358,2358,NA,11445.9276325391,0,0,0,2265.4350223886,0,0,0,2252.45337058518,0,0,0,5052.52637626961,0,0,0,1752.74271784436,0,0,0,7207.26803531986,0,0,0,NA,0,0,0,NA
"28",2014-03-10,NA,0,6776,4812,1964,10745,2303,2303,NA,11311.8909119472,0,0,0,2481.20066492855,0,0,0,2470.9014112311,0,0,0,5291.87687833699,0,0,0,1694.16755454914,0,0,0,7263.90996546282,0,0,0,NA,0,0,0,NA
"29",2014-03-17,NA,0,9988,8007,1981,10725,2286,2286,NA,10636.7203421069,0,0,0,2225.12303319109,0,0,0,2215.142692425,0,0,0,5312.93226825047,0,0,0,1825.55542460848,0,0,0,7063.25819777778,0,0,0,NA,0,0,0,NA
"30",2014-03-24,NA,0,13201,11021,2180,9529,2233,2233,NA,10721.4145808645,0,0,0,2330.50831662978,0,0,0,2320.93770628046,0,0,0,5976.30875022097,0,0,0,1862.65122912,0,0,0,8266.05103698917,0,0,0,NA,0,0,0,NA
"31",2014-03-31,1018085,0,6721,4826,1895,10084,2185,2185,NA,9314.59193569505,0,0,0,2175.682137819,0,0,0,2167.83464271645,0,0,0,8210.06369700112,0,0,0,2023.07469977552,0,0,0,10295.5366039108,0,0,0,NA,0,0,0,NA
"32",2014-04-07,516137,0,7621,5232,2389,9964,2164,2164,NA,10183.4953810111,0,0,0,2196.27921966321,0,0,0,2187.47236030555,0,0,0,7516.11686151799,0,0,0,1832.28106094141,0,0,0,8825.51725812935,0,0,0,NA,0,0,0,NA
"33",2014-04-14,701958,0,6092,4363,1729,10261,1986,1986,NA,9942.4874851868,0,0,0,2132.77500608111,0,0,0,2126.02641679057,0,0,0,5066.49291237771,0,0,0,2178.91159320001,0,0,0,8330.16251205106,0,0,0,NA,0,0,0,NA
"34",2014-04-21,475568,0,7297,5370,1927,11154,2103,2103,NA,10314.2434741627,0,0,0,1959.88520018124,0,0,0,1949.67436315073,0,0,0,5123.39391761756,0,0,0,1732.53542015599,0,0,0,7409.72370940508,0,0,0,NA,0,0,0,NA
"35",2014-04-28,603693,0,6970,5143,1827,11407,1941,1941,NA,11314.0889644016,0,0,0,2146.80405237457,0,0,0,2141.24147070355,0,0,0,5553.14915505119,0,0,0,1803.98576453311,0,0,0,7363.36636244927,0,0,0,NA,0,0,0,NA
"36",2014-05-05,672041,36181,7551,4963,2588,11181,2325,2325,NA,12129.2359560298,676.880403965261,603.938967331194,749.821840599329,2496.21503637226,650.035820268837,602.143922946263,697.927717591411,2410.24913289078,572.463763379329,529.170628114443,615.756898644215,6216.4710689072,598.371228385191,200.739931791389,996.002524978992,3992.31418039935,2252.50761936059,2100.08439792002,2404.93084080115,9803.82446279783,2602.22904490889,2441.16767789335,2763.29041192443,NA,1259.23693221476,1165.24236493532,1353.2314994942,NA
"37",2014-05-12,536227,49349,9488,5574,3914,11725,2739,2739,NA,11243.5166335057,901.257271344793,785.289332823552,1017.22520986603,2599.5120768485,887.248201159488,810.696144529809,963.800257789166,2570.74076573283,784.569305590222,714.692389013213,854.446222167231,6058.89233148513,973.368296886169,388.565309183825,1558.17128458851,3603.94512859168,3027.50061694542,2779.3293538985,3275.67187999235,9982.78460882027,3707.65768459266,3434.74141119883,3980.57395798648,NA,1710.60001789673,1568.90936292361,1852.29067286985,NA
"38",2014-05-19,716355,46744,14260,9458,4802,11964,2942,2942,NA,11738.8415105493,857.799637101279,751.041369187289,964.55790501527,2747.11349484318,840.2941220003,769.887377963523,910.700866037076,2720.4067805902,742.449722461338,678.29030185876,806.609143063917,5670.34985922372,892.525905156751,346.548449766355,1438.50336054715,3665.74680142264,2876.08238751453,2648.55815312149,3103.60662190756,9553.91548276974,3482.26750632097,3233.73356430464,3730.80144833729,NA,1621.60132983626,1489.91739807582,1753.28526159671,NA
"39",2014-05-26,1028311,51497,10906,6249,4657,13003,3033,3033,NA,12093.5826574264,936.745844187939,812.924993403451,1060.56669497243,2973.8880442245,925.974986853145,844.179266655213,1007.77070705108,2959.77101098068,819.358822288387,744.597332415048,894.120312161726,7208.3523408106,1042.49845851732,425.014169496569,1659.98274753808,4782.79109783932,3151.65137250163,2885.82248369977,3417.4802613035,11903.0087306835,3895.99512512284,3602.13755216251,4189.85269808318,NA,1783.87656680119,1633.72279303313,1934.03034056924,NA
"40",2014-06-02,655169,42098,10198,5589,4609,13699,3076,3076,NA,13017.5180728207,779.154154995929,687.966941960776,870.341368031081,2775.7501914294,756.584662908667,696.555860578227,816.613465239107,2785.23031017906,667.524577946056,613.000965967745,722.048189924368,7440.85415901538,756.494646066064,277.561349376482,1235.42794275565,4063.62008551448,2603.70635717287,2410.91809233018,2796.49462201555,10685.491137281,3088.49490863414,2880.68679845352,3296.30301881476,NA,1462.51331885707,1347.97712428742,1577.04951342673,NA
"41",2014-06-09,615812,25370,8762,5234,3528,12611,2753,2753,NA,13556.7703402034,483.900296381246,439.70960815983,528.090984602662,2758.52936241683,455.535758482605,426.694002480676,484.377514484535,2787.21249032001,399.823355520231,374.036281025544,425.610430014919,5456.39649928173,353.217095966624,92.3182853760588,614.115906557189,3413.06541267191,1598.36099083166,1508.48088147662,1688.24110018669,9154.3547609335,1757.83805791691,1667.37226107002,1848.30385476381,NA,885.899341801427,825.68314493519,946.115538667664,NA
"42",2014-06-16,508797,28605,10205,6770,3435,11471,2681,2681,NA,12527.4582062026,542.474861831022,490.302553657864,594.64717000418,2676.55368062125,513.712571315006,479.593939866509,547.831202763503,2669.8222767276,451.341181494052,420.724083575858,481.958279412245,5302.66019146338,420.645501312557,120.433102098384,720.857900526731,3616.80624495453,1795.79250044531,1688.71641208505,1902.86858880557,9239.69655954705,2004.53478246707,1894.95235422875,2114.11721070539,NA,997.875495432366,928.060383316077,1067.69060754865,NA
"43",2014-06-23,744732,23513,9429,5614,3815,10693,2551,2551,NA,11163.6123065996,449.95677754707,410.108010542995,489.805544551145,2567.32357486341,422.149503479756,396.173442155003,448.125564804509,2582.85842290458,370.305063350982,347.133034626228,393.477092075736,6020.04566837784,316.798671645394,77.8494275540658,555.747915736723,3082.28744817339,1484.37665614641,1403.78158503379,1564.97172725903,9250.6704217056,1618.52998997631,1538.26312207404,1698.79685787857,NA,821.52032929714,766.617983232356,876.422675361923,NA
"44",2014-06-30,688278,65165,13173,6643,6530,12530,3742,3742,NA,11275.4110453561,1155.25482178677,975.982735592667,1334.52690798087,3274.0398139185,1172.60913888966,1053.71151633616,1291.50676144316,3185.46031869301,1041.97931184283,932.534809599448,1151.42381408621,7435.10949967065,1534.68407605324,695.121425474112,2374.24672663238,6017.81434652442,3926.73448954545,3535.15024651561,4318.31873257529,12852.566469384,5147.08843922841,4702.26876374599,5591.90811471082,NA,2247.8381205317,2039.34583279977,2456.33040826363,NA
"45",2014-07-07,863037,60984,20474,9955,10519,14960,4084,4084,NA,12667.3812360495,1089.75476544103,928.450952428307,1251.05857845375,3691.78741489867,1097.12584558544,990.263056744968,1203.98863442592,3717.46362805676,973.650955692936,875.47677735385,1071.82513403202,6631.88655725023,1374.52928359404,605.491141781726,2143.56742540635,6083.9416300688,3692.37362118415,3341.71586182603,4043.03138054227,12591.9725212802,4754.71699344075,4359.32572666129,5150.10826022022,NA,2106.33690241052,1916.5134273813,2296.16037743974,NA
"46",2014-07-14,904507,56517,17796,7763,10033,14711,3872,3872,NA,15336.0839144099,1018.46799711351,875.381899669967,1161.55409455706,3841.86150412307,1016.5167827537,921.844471307244,1111.18909420016,3826.13533676171,900.872055487529,814.095486281482,987.648624693575,7470.6137111453,1212.76555091574,516.552305577742,1908.97879625374,9146.73343183815,3439.31797592253,3129.99208012001,3748.64387172505,15423.6390268701,4344.91917466975,3999.17264854645,4690.66570079305,NA,1954.74415333155,1784.0647595297,2125.42354713341,NA
"47",2014-07-21,831858,58021,27233,9327,17906,15180,4185,4185,NA,14703.2934938257,1042.62031201299,893.51348138975,1191.72714263624,3728.80417487177,1043.65280998084,944.953083444259,1142.35253651742,3737.72416225818,925.350302288403,834.810508436338,1015.89009614047,8420.39856622704,1266.15180885872,545.710197897745,1986.5934198197,9657.29473002901,3524.82685199591,3201.86106596673,3847.79263802509,16536.1560291048,4481.80858874026,4119.71219620905,4843.90498127147,NA,2005.83166060173,1828.79911148916,2182.86420971429,NA
"48",2014-07-28,742614,49412,18726,8703,10023,16027,4540,4540,NA,15119.4305368753,902.30257876046,786.10764855396,1018.49750896696,4030.5855214003,888.383914647295,811.680333428453,965.087495866137,4041.47081339371,785.588908765276,715.570918181746,855.606899348806,7770.50907071111,975.364077099679,389.611141308176,1561.11701289118,15254.200749637,3031.15096634969,2782.46995294424,3279.83197975515,20166.5476307274,3713.14953892516,3439.62982662774,3986.66925122259,NA,1712.75059196344,1570.81444325566,1854.68674067122,NA
"49",2014-08-04,659896,56178,20721,10009,10712,16608,4620,4620,6696,16314.6977816247,1013.00296570233,871.258090778912,1154.74784062575,4509.3374711818,1010.40095986621,916.625626406833,1104.17629332558,4509.52669333904,895.358298350224,809.419546031567,981.297050668882,8406.02407007628,1200.88350544938,510.090489953941,1891.67652094481,11048.5733515875,3420.00129085852,3113.71109042267,3726.29149129437,20175.193132907,4314.2166946898,3972.10422637222,4656.32916300739,6691.24722567,1943.22241724142,1773.96205084594,2112.4827836369,59346.7872380416
"50",2014-08-11,1852508,56808,21867,9790,12077,16540,4234,4234,7530,16702.4611158081,1023.15301990575,878.910958310025,1167.39508150147,4418.67414432427,1021.76682705455,926.321375134535,1117.21227897457,4424.59845519165,905.606164012976,818.107352241291,993.104975784661,8927.64993748952,1223.00953823338,522.131551891158,1923.88752457559,10478.0348391949,3455.88691541656,3143.94379510072,3767.8300357324,20456.7572391198,4371.31907548366,4022.43802915072,4720.20012181661,6835.45080096157,1964.63253705079,1792.73123512299,2136.53383897859,67530.714763935
"51",2014-08-18,864637,76567,28190,11567,16623,18396,4727,4727,9128,16830.7091592253,1327.87221412028,1095.09297722724,1560.65145101332,4495.50230926899,1378.63266443491,1223.84432842962,1533.42100044021,4451.5320130326,1229.34515758893,1086.20493409073,1372.48538108713,10103.6132281836,2014.42976989963,970.931781886328,3057.92775791292,12491.3894541175,4553.60972944607,4039.40313324861,5067.81632564353,22925.8183232768,6260.42130889786,5666.2493094969,6854.59330829882,8469.3223143951,2631.83012248998,2368.73850287739,2894.92174210257,92643.4807244607
"52",2014-08-25,935745,100216,30122,12993,17129,19750,5925,5925,11975,19004.099053352,1657.87167318975,1293.09130613418,2022.65204024532,5207.60998243741,1806.75577785823,1563.20115320121,2050.31040251525,5172.21902725164,1622.75689646399,1395.91668314524,1849.59710978274,11592.6966864856,3210.02648712084,1689.38905921498,4730.66391502671,16564.0434136003,5796.66769520171,4976.75539383954,6616.57999656388,27601.8696811227,8771.59095983244,7799.73670091721,9743.44521874768,10305.5091724886,3419.42720464237,3025.8865895248,3812.96781975994,130030.751026402
"53",2014-09-01,962195,109004,27901,12557,15344,21500,5710,5710,12618,20046.5633037593,1770.86142023654,1349.80023274195,2191.92260773113,6028.79633867707,1966.12465717935,1684.65815688522,2247.59115747347,6015.21539440869,1770.59796324316,1507.9051539169,2033.29077256941,12651.2214112206,3723.27915013349,2006.71273819476,5439.84556207223,16953.4099054176,6238.93643392148,5287.75673981237,7190.1161280306,29640.8847941415,9774.20870638224,8638.65404920482,10909.7633635597,12602.091606247,3709.05781372358,3261.12592627346,4156.98970117369,137651.784526858
"54",2014-09-08,1180208,110599,26475,13072,13403,20365,5243,5243,11237,21813.4157841611,1790.80881009743,1359.11281083995,2222.50480935491,5405.38370434425,1995.06584670125,1706.43223879434,2283.69945460816,5390.25012919939,1797.52653334469,1528.05063251621,2067.00243417318,12674.7931122937,3820.44001003225,2067.23102057313,5573.64899949136,15303.122937729,6318.06530958735,5342.03452958654,7294.09608958817,29111.3697098894,9960.21694451575,8793.59432877537,11126.8395602561,12220.4454689303,3761.44834143886,3303.30085848075,4219.59582439697,122541.107376744
"55",2014-09-15,984653,122511,26912,13528,13384,18729,5649,5649,10801,20301.4850480222,1934.3423817267,1419.14170366301,2449.5430597904,5520.33459659198,2211.36522444421,1866.42471527403,2556.30573361438,5483.69630860993,1999.56881538999,1676.75367503711,2322.38395574287,13251.386927203,4584.99768176317,2547.6178842833,6622.37747924303,14007.6659653375,6897.9335812433,5726.33477430413,8069.53238818247,29455.5493515642,11388.597114989,9976.76715495797,12800.42707502,10875.941770954,4151.00180411994,3613.22146434452,4688.78214389536,120787.603270158
"56",2014-09-22,1302509,109227,24838,12543,12295,18189,5027,5027,9896,18249.2995803919,1773.66064812083,1351.1203462962,2196.20094994546,5440.59997714792,1970.17068210561,1687.70742217258,2252.63394203865,5445.09733478312,1774.36112850207,1510.72505997689,2037.99719702724,12587.7125168109,3736.78937190627,2015.1198798838,5458.45886392875,12555.22231775,6250.0206875327,5295.38547761144,7204.65589745395,26821.0641679637,9800.1403171822,8660.26705467288,10940.0135796915,9436.14688739147,3716.38589810184,3267.03209872579,4165.73969747789,106487.988915675
"57",2014-09-29,1050065,164012,27867,14762,13105,19649,5289,5289,10991,18706.7949100331,2359.45630669327,1497.1128951768,3221.79971820973,5900.11995943707,2967.10478888499,2387.68516434869,3546.52441342128,5816.76437507163,2716.29834746393,2170.71690547395,3261.8797894539,16590.0608409581,7785.00325407095,4612.76088958591,10957.245618556,14583.1922924316,8765.34448223492,6775.01089635395,10755.6780681159,33110.5915019671,16905.1978901663,14457.4719653775,19352.9238149551,11076.1289723563,5484.54086305819,4623.31564234012,6345.76608377625,125431.679941108
"58",2014-10-06,821722,169449,39909,24608,15301,20032,6365,6365,11441,19852.7841160163,2406.52097400353,1492.22686206496,3320.8150859421,5447.3662093073,3066.36205957139,2451.81331188737,3680.9108072554,5425.63274952286,2811.67235248529,2232.65440688396,3390.69029808663,16417.6237252808,8265.97669331646,4928.38436541981,11603.5690212131,13404.5857807954,8992.39697222085,6878.98537539459,11105.8085690471,31739.0898942216,17690.1103308414,15085.7654760458,20294.4551856369,11304.8317307691,5656.52336130458,4747.62735335556,6565.41936925359,168724.59322314
"59",2014-10-13,921095,152183,30661,12983,17678,19418,5511,5511,10057,19935.8567497277,2250.15427522486,1495.65780818677,3004.65074226296,6327.59202686471,2751.35488368296,2244.83431032,3257.87545704591,6311.59283676122,2509.97935417344,2033.74097624232,2986.21773210456,17226.228717109,6787.98846600789,3962.14607765546,9613.83085436031,13933.3321806195,8257.27677986974,6522.05964995644,9992.49390978305,32656.1093078949,15247.2744011256,13123.5639229799,17370.9848792713,11388.8208277041,5108.18821452917,4346.43893848868,5869.93749056967,111096.938132786
"60",2014-10-20,865863,153697,31324,16504,14820,21354,4558,4558,10886,19350.4773134965,2264.67194848423,1496.76813823366,3032.57575873481,5092.54840907523,2778.95361168937,2263.3725337838,3294.53468959494,5078.19435430887,2536.29590510699,2051.44247823947,3021.14933197451,17941.4211775204,6911.81852037246,4042.66050041849,9780.97654032642,16633.0015893016,8323.38134595939,6556.47960381724,10090.2830881015,32044.0184485869,15455.6673148318,13291.765338565,17619.5692910987,10490.867675161,5156.52442079902,4382.36728955509,5930.68155204295,128862.957729385
"61",2014-10-27,1176202,166146,33194,17181,16013,23071,4931,4931,11783,21811.9613519741,2378.16732531399,1495.61223129068,3260.7224193373,5003.27411106884,3006.05598872899,2412.97013921587,3599.1418382421,4954.81064758582,2753.69148130187,2195.10379280649,3312.27916979726,15991.5643094407,7972.07798024088,4735.39693936347,11208.7590211183,15387.1955545838,8854.94761208807,6816.74326266634,10893.1519615098,33503.8004674345,17211.5551415159,14702.934389677,19720.1758933548,11939.8336147723,5552.11848968794,4672.32897368397,6431.90800569191,141283.427623463
"62",2014-11-03,1378309,164143,30994,13911,17083,24762,6797,6797,12184,23340.9082761022,2360.61379342459,1497.03630029095,3224.19128655824,5057.42609245437,2969.4956331065,2389.24161365534,3549.74965255767,5040.01852393118,2718.59228460281,2172.21679924753,3264.96776995809,16823.8331956113,7796.42373864449,4620.24281552984,10972.6046617591,15489.580455459,8770.8630462627,6777.60707678764,10764.1190157378,33088.780971289,16923.9403220949,14472.4977389825,19375.3829052072,11933.7722056514,5488.69205502443,4626.33267255712,6351.05143749175,143713.501160012
"63",2014-11-10,1183847,131173,33811,17819,15992,26289,6436,6436,11960,24740.3695226599,2032.68928971846,1452.24740531593,2613.13117412099,6359.31204204391,2368.82440186863,1979.85966292592,2757.78914081134,6398.15952926513,2147.51783108556,1782.94687303999,2512.08878913114,13809.8342404008,5184.07503895886,2928.41296132042,7439.7371165973,14951.1582606038,7307.30714716436,5982.45301982858,8632.16127450015,27774.0610514578,12470.6939005629,10865.9575558651,14075.4302452607,11469.2491720672,4432.37029010939,3832.98492224334,5031.75565797545,151415.789155022
"64",2014-11-17,2273837,172951,29601,14662,14939,27430,6897,6897,12666,27024.6218899922,2435.77708918267,1487.2273822287,3384.32679613664,6533.56608066405,3130.32468718197,2492.60810151859,3768.04127284534,6512.47804198323,2873.28430710249,2272.20814644777,3474.3604677572,17685.9001583184,8583.3480570687,5137.20777629751,12029.4883378399,17236.7754724243,9136.48437680824,6941.8574623222,11331.1112912943,35989.3482801586,18203.3049037777,15495.51637813,20911.0934294254,13213.9265254132,5766.96416943854,4826.71344719264,6707.21489168444,153018.146527216
"65",2014-11-24,1485647,148551,29834,18244,11590,27269,6003,6003,11466,27341.2043722985,2214.69523527388,1491.88823805931,2937.50223248845,6419.24437618955,2685.16531465238,2200.05738090606,3170.27324839871,6451.47837452832,2446.95554610834,1991.07276659327,2902.83832562341,16012.3702787333,6495.44917576897,3772.29745242739,9218.60089911055,14055.5214132354,8097.40707656525,6437.04117730556,9757.77297582495,29910.7570953219,14751.906163732,12723.0816110238,16780.7307164401,11494.9136350106,4992.03297825169,4259.66153156556,5724.40442493782,144231.169278144
"66",2014-12-01,2073288,219603,42026,26312,15714,29293,7483,7483,13778,27811.4748532899,2746.39915712862,1282.17560379575,4210.62271046148,7091.01793807866,3984.68466619343,2997.90201221887,4971.46732016799,7029.19130588631,3707.58293417403,2773.67243689206,4641.49343145599,22181.1569990126,13377.314304919,8332.2861223431,18422.3424874949,14678.3587832761,10894.63227765,7473.08179797978,14316.1827573203,40737.2954986143,25610.0107328109,21332.5079714926,29887.5134941292,13376.0314196655,7213.23953470785,5806.73456897605,8619.74450043965,209517.217472843
"67",2014-12-08,2898883,246715,47191,32330,14861,28336,7070,7070,13669,29673.4231865246,2859.29699793001,1044.67032270013,4673.92367315989,8132.19468671865,4483.14813938865,3258.94320582811,5707.35307294918,8137.22472929981,4204.00615435287,3043.34575342021,5364.66655528553,20109.8750815315,16647.2061632758,10542.320770872,22752.0915556796,16190.0086873603,11778.5043479733,7519.97643841337,16037.0322575332,46059.0509511121,30401.7896434655,25048.2006347159,35755.3786522151,14204.9335643193,8032.40976445558,6313.43219130479,9751.38733760638,232601.169122855
"68",2014-12-15,2004357,235259,45683,37213,8470,30146,3823,3823,12407,28102.5586001906,2817.65720769441,1155.63954515924,4479.67487022959,6578.74244909867,4272.35086399091,3151.56670443563,5393.13502354619,6533.37265788761,3993.20836481899,2931.3480564969,5055.06867314107,18243.8935281186,15222.140858068,9576.80891299592,20867.47280314,14602.3174519116,11417.3956018445,7523.64285579908,15311.14834789,44456.1210326981,28333.3484757098,23449.1463628749,33217.5505885447,13216.9790752156,7688.18838849977,6104.96654887795,9271.41022812159,224329.853771526
"69",2014-12-22,1066263,90370,22666,20666,2000,29687,1088,1088,8136,29185.363348893,1525.07531978602,1218.69869719897,1831.45194237308,1280.50915347087,1628.37902234115,1424.12989386744,1832.62815081487,1314.16515284614,1458.17820552689,1268.4499771985,1647.90643385528,16903.5843721996,2679.37192413817,1366.26514902218,3992.47869925415,3593.73334976785,5288.50418725371,4604.29193128162,5972.7164432258,24320.2989577729,7692.97545706419,6889.49896290307,8496.45195122531,8009.80813041262,3092.96994062367,2756.56097428733,3429.37890696,74986.0680722946
"70",2014-12-29,843654,7231,15701,13600,2101,25681,1665,1665,5605,28453.7187418854,142.357039074382,133.088029013003,151.626049135762,566.83790959186,129.709761738582,123.755932545767,135.663590931397,639.364570402498,113.199689168121,108.035234727212,118.36414360903,15403.9511384184,68.9405634461229,3.14790783459898,134.733219057647,-2383.75842361515,464.610597911961,447.121825167609,482.099370656313,16416.0567110752,469.059569025656,454.020358437309,484.098779614003,5577.24539969454,253.900013477908,239.459339298699,268.340687657117,14994.9085462066
"71",2015-01-05,1325017,31315,17713,13898,3815,25028,2169,2169,7215,25659.3634929344,590.998755720421,531.7315711854,650.265940255443,2263.46633711823,562.463714234491,523.646156623796,601.281271845186,2230.14350919078,494.591493487567,459.659786150311,529.523200824822,15042.0488985771,481.029048552635,146.830601758159,815.227495347112,2703.96038213093,1960.07257537723,1837.59270271359,2082.55244804087,17868.053538624,2215.12170211961,2088.20514715417,2342.03825708505,6880.54645526678,1091.50741918209,1013.31679809899,1169.69804026519,51688.7690722184
"72",2015-01-12,1628852,45634,18259,12240,6019,23692,3414,3414,7339,25078.6516291035,839.142749392213,736.20418001986,942.081318764567,2003.77500683651,820.290835712733,752.431368885499,888.150302539967,2020.72221338721,724.526265287615,662.734382908087,786.318147667143,13909.9681380001,859.076354539393,329.373193339496,1388.77951573929,4379.252397344,2811.27822195734,2592.29619311392,3030.26025080075,18976.3992498997,3387.23279802161,3148.75042739671,3625.71516864651,8269.1843037196,1583.63466541178,1456.1290499001,1711.14028092346,60060.8622556349
"73",2015-01-19,960878,109091,25238,11919,13319,24796,6254,6254,10629,24340.8201369498,1771.95389575969,1350.3159547517,2193.59183676768,4712.21470676142,1967.7031396798,1685.8479735081,2249.5583058515,4619.81388851494,1772.06603551438,1509.00542534777,2035.12664568099,16408.6064087663,3728.54709147661,2009.99056480162,5447.1036181516,9006.12341055232,6243.26159974444,5290.73452290483,7195.78867658406,25078.4604229092,9784.3226398795,8647.08411497779,10921.5611647812,9568.03867391625,3711.91687871815,3263.4304998976,4160.40325753869,121086.985757694
"74",2015-01-26,1279663.88,135416.85,29800,16251,13549,25525,6566,6566,11428,25133.756618903,2079.02132508244,1465.22626278869,2692.81638737618,6336.286420489,2446.02313263577,2034.54269802878,2857.50356724277,6372.93381337061,2220.32058358004,1834.37925172797,2606.2619154321,16655.4611824622,5490.83761297827,3124.65230277659,7857.02292317996,13471.6000057826,7504.09898470476,6100.76465401254,8907.43331539699,28373.9498623655,13014.2018224748,11310.4660946981,14717.9375502516,11571.9840163935,4569.63923726624,3938.93443143892,5200.34404309356,142024.462880357
"75",2015-02-02,1243237.8,73715,21813,12233,9580,24156,5449,5449,8400,24807.1385941779,1285.51966361974,1066.74264660091,1504.29668063858,4869.53812233338,1327.07591914226,1181.6863858338,1472.46545245073,4938.98644308227,1182.33800886189,1048.03244124053,1316.64357648325,12420.8954355198,1888.53055532656,897.636327709496,2879.42478294363,10154.6694495547,4398.48965103957,3916.46604262098,4880.51325945817,21922.207117926,5975.99948266197,5421.18291426881,6530.81605105513,8981.43774488591,2536.04178652038,2287.113277126,2784.97029591475,88277.1121281963
"76",2015-02-09,1221898,15515.15,20065,15093,4972,22019,3423,3423,5961,23068.4117645478,301.101565940565,277.954058190951,324.249073690179,4331.08707518959,278.436179567908,263.440193641929,293.432165493887,4450.81203580654,243.629610598725,230.40698565986,256.85223553759,11527.216739924,179.018752991978,29.4540284719124,328.583477512044,6038.99622270835,988.02731589377,942.536833860263,1033.51779792728,16939.0519105826,1037.75543271794,994.956872379099,1080.55399305678,6227.5384754079,543.407579849061,509.755442945471,577.059716752651,43387.0370055896
"77",2015-02-16,1036197,0,14365,11110,3255,20890,2486,2486,4597,21511.2739736669,0,0,0,2806.31743403889,0,0,0,2835.15799670498,0,0,0,12541.5187944109,0,0,0,3997.64802004233,0,0,0,17186.83490551,0,0,0,5083.95923037706,0,0,0,5916.05903463426
"78",2015-02-23,1137723,13866,15908,9799,6109,18619,3128,3128,5162,21011.4516647752,269.869809162983,249.762626310512,289.976992015454,3000.10359643269,248.818114067564,235.811272945475,261.824955189652,2975.17789289267,217.601256057366,206.165110582356,229.037401532376,12957.6672295482,154.457800943535,22.2846985520478,286.630903335022,4127.20226481836,884.583622841753,845.345674814519,923.821570868987,16948.2393349397,921.877061648078,885.501065820077,958.253057476079,4929.59627596526,485.891211888137,456.290657042434,515.49176673384,31843.3559671937
"79",2015-03-02,1069485,28474,18958,9706,9252,18214,4014,4014,5820,18433.742686907,540.116657803715,488.277874038737,591.955441568694,3486.39696922618,511.356328894007,477.458409431977,545.254248356037,3457.88083186215,449.252636357393,418.837903369966,479.66736934482,11177.799477632,417.816635917318,119.222789972487,716.41048186215,6413.36885999663,1787.82562709371,1681.47108391964,1894.18017026779,17593.0122289773,1994.44581177823,1885.67081626105,2103.22080729542,6048.1550904635,993.345405586612,923.927436959751,1062.76337421347,51090.3740180004
"80",2015-03-09,1551945,23818,17540,9803,7737,17671,3824,3824,5545,18008.378975708,455.54778212796,414.997887607253,496.097676648666,3899.27230991486,427.632514385174,401.193961989115,454.071066781233,3909.30310991404,375.150510248252,351.556864562504,398.744155934,10311.6394390172,322.665631568962,80.1422415772693,565.189021560655,8110.37226398599,1503.13046709376,1421.03972681138,1585.22120737613,17801.2093359701,1641.29507078337,1559.39187597262,1723.19826559411,6041.15736279549,832.09920811203,776.333921538528,887.864494685531,42949.4952434628
"81",2015-03-16,1233088,8303,15271,9634,5637,16091,3382,3382,4575,17296.4294257682,163.16059417004,152.291723384669,174.029464955412,3309.21915406917,148.947983089186,141.957675681692,155.93829049668,3332.99036470577,130.033091095831,123.954699134377,136.111483057285,10296.8962970291,81.3145306045894,5.18656612024945,157.442495088929,6551.67528634913,532.875723747067,512.242590334854,553.508857159279,16593.2594858437,540.766914633896,522.768935258884,558.764894008908,5487.52272048026,291.445869006177,274.679622871903,308.21211514045,20951.7191241211
"82",2015-03-23,1342766,8012,13671,8662,5009,15603,3334,3334,4584,15854.5288701418,157.521045084539,147.092228438672,167.949861730407,3374.75922320952,143.725445953011,137.020423557307,150.430468348715,3368.5735273918,125.462261692959,119.635749602428,131.28877378349,10296.3384329997,77.9005660032589,4.59302319476676,151.208108811751,5553.48681291953,514.360467970715,494.594973108007,534.125962833424,16029.9628236328,521.246198711161,504.070011695625,538.422385726697,4853.96228566963,281.256275343797,265.126034800396,297.386515887198,15958.0895348576
"83",2015-03-30,1235409,42040,15706,8971,6735,15670,3972,3972,5950,16137.1688662502,778.163130881442,687.163385655363,869.162876107521,3879.248727725,755.539911831933,695.635951293716,815.443872370151,3810.86115959039,666.590801184544,612.182935376472,720.998666992617,10430.7150966165,754.862460999712,276.748309317739,1232.97661268169,6990.08143301085,2600.2872432858,2407.91570819896,2792.65877837265,17622.2445852994,3083.64559266766,2876.32354626234,3290.96763907298,5980.96009303791,1460.52437577811,1346.19658857002,1574.85216298619,42447.7606503975
"84",2015-04-06,978136,29459,15766,9830,5936,17908,3893,3893,5662,15350.4046717778,557.819749091948,503.451834732647,612.187663451248,3733.35878211438,529.073933163677,493.501924709239,564.645941618115,3757.57295300526,464.961447977143,433.011100296177,496.911795658109,9475.83225192673,439.290632203937,128.471791607918,750.109472799955,5841.09204533916,1847.67122080084,1735.83918492258,1959.50325667909,15821.0587562331,2070.5106143206,1955.59555010698,2185.42567853421,5699.4248357784,1027.39855612401,954.976973629306,1099.82013861871,35283.6124518425
"85",2015-04-13,910120,29376,15359,9345,6014,17272,3829,3829,5484,18347.2203689868,556.330547939696,502.17764673851,610.483449140882,3836.56705034151,527.580904727722,492.151255437658,563.010554017786,3807.61360546751,463.637328294893,431.817624994613,495.457031595173,9655.89751291907,437.463034965213,127.679211975101,747.246857955325,5727.92805437123,1842.63355577297,1731.26771503676,1953.99939650919,15791.9882136821,2064.08284922185,1949.69130488462,2178.47439355908,5889.92856460918,1024.52990164174,952.362969363327,1096.69683392015,33209.0678425748
"86",2015-04-20,765255,44284,19149,10917,8232,18121,4641,4641,6540,17418.25974248,816.339648414261,717.962437848704,914.716858979818,4001.7539858214,795.965750527565,731.146931656264,860.784569398867,3979.38737049038,702.746674371366,643.778896347518,761.714452395214,10315.5148458386,819.197960603651,309.07089199864,1329.32502920866,6661.9188817374,2732.23337797896,2523.43469468522,2941.0320612727,16822.299351616,3272.45932013119,3045.92976159144,3498.98887867094,6106.00733357311,1537.42355776913,1414.9307519685,1659.91636356976,58322.2909649727
"87",2015-04-27,950406,25404,14872,9604,5268,17073,3827,3827,5058,17894.7689114157,484.519597739214,440.247782350308,528.79141312812,4326.60355136031,456.147093435388,427.251758043658,485.042428827118,4360.7351200201,400.364180774451,374.528155886059,426.200205662844,9908.51375361813,353.899440033527,92.5945521575101,615.204327909544,6563.93916431182,1600.44350873211,1510.3894139713,1690.49760349291,16267.0942547199,1760.40433079735,1669.74653346457,1851.06212813014,5956.04612198877,887.077377614638,826.762554518063,947.392200711214,23456.3583953083
"88",2015-05-04,1025907,3201,11129,7574,3555,16845,3200,3200,3878,16523.5445593387,63.4544218177253,59.6783854313935,67.2304582040572,3108.29489330621,57.4070053071907,54.9943119029093,59.8196987114722,3139.33539287516,50.0363271575161,47.9650785347293,52.107575780303,9665.22545435926,27.397357682794,-0.884775438728952,55.679490804317,3943.93423921727,206.561988459874,199.61960108809,213.504375831658,14137.459376905,204.498517998318,198.897831456498,210.099204540138,4142.04941885286,112.533429875263,106.40860623046,118.658253520066,-6277.66739444
"89",2015-05-11,1239543,0,12363,8770,3593,14492,3259,3259,3838,16816.15655699,0,0,0,3296.20975608086,0,0,0,3296.08184580807,0,0,0,8781.45435058054,0,0,0,3267.28317925598,0,0,0,12695.7393739708,0,0,0,3865.95365340478,0,0,0,-5847.5055551814
"90",2015-05-18,1083484,0,10553,7676,2877,13636,2721,2721,3485,14081.5509736154,0,0,0,3185.21560660623,0,0,0,3189.78398875872,0,0,0,8443.1785951485,0,0,0,3370.35992560918,0,0,0,12558.9011286147,0,0,0,3802.34497957382,0,0,0,-17050.5677283242
"91",2015-05-25,980407,0,10950,7999,2951,14647,2879,2879,3622,13482.5440609991,0,0,0,2655.41552682216,0,0,0,2638.34612392701,0,0,0,8639.04768571457,0,0,0,2836.31175753085,0,0,0,11733.9792459958,0,0,0,3703.77707309801,0,0,0,-15241.6136017089
"92",2015-06-01,1048696.36,0,10854,7870,2984,14830,3017,3017,3587,14828.2429373013,0,0,0,3036.54750012786,0,0,0,3029.19886590193,0,0,0,8289.78683749144,0,0,0,2796.02244160937,0,0,0,11411.5697182701,0,0,0,3967.12219136065,0,0,0,-15923.3004601118
"93",2015-06-08,837016,41724.98660239,13905,8398,5507,15172,3792,3792,4847,15635.583227791,772.776642700907,682.792105009256,862.761180392558,3650.21346027066,749.865705873682,690.63776360126,809.093648146105,3554.61041092773,661.519891330673,607.738715862646,715.301066798701,8941.91396519168,746.026059894652,272.353225414967,1219.69889437434,5395.86203084256,2581.70902672268,2391.59357909245,2771.82447435291,14239.6068535758,3057.33630420556,2852.64457270046,3262.02803571066,5209.60981478731,1449.72064414281,1336.522333881,1562.91895440461,21833.641906251
"94",2015-06-15,1018177,37384.8701979911,14160,8831,5329,15309,3759,3759,4811,15019.8784449359,697.880828530888,621.371006765487,774.390650296288,3701.09695333511,671.708671846979,621.445460435091,721.971883258867,3713.73950460651,591.771976728865,546.288432961082,637.255520496647,8706.41813557634,629.170166426082,215.367895032599,1042.97243781957,5096.4825343232,2324.35355365047,2164.06933179523,2484.63777550571,13744.4461260308,2699.7818183897,2529.67422037586,2869.88941640353,4923.33050972483,1300.6559966631,1202.59980093678,1398.71219238941,20441.2738530582
"95",2015-06-22,1051226,47852.64,16390,8597,7793,16796,3925,3925,5429,15525.4564348238,876.35049801145,765.714834282285,986.986161740614,3867.57373222524,860.275296457143,787.281889335603,933.268703578684,3809.93240803107,760.365445878893,693.800405102709,826.930486655078,9029.01272582183,926.529572660031,364.137067147056,1488.92207817301,5766.37359259184,2940.63757076735,2704.42915546395,3176.84598607075,14793.3449708089,3577.78515931958,3319.01045329184,3836.55986534731,5311.00884014098,1659.49523211286,1523.58705377366,1795.40341045205,40726.9603210164
"96",2015-06-29,NA,93670.66,17186,8991,8195,16819,4601,4601,6494,17724.5539161742,1570.32292986212,1244.91558208219,1895.73027764204,4703.26908452919,1688.15494711668,1471.1028440918,1905.20705014157,4634.1281935001,1513.22472122936,1311.41545889716,1715.03398356156,10955.2778554572,2852.03554986716,1470.77001224225,4233.30108749206,9722.55690203059,5460.3445752399,4731.98072683638,6188.70842364343,19921.4738410686,8049.29359411298,7191.14196839004,8907.44521983592,7065.72300645735,3202.63823743536,2847.52549581695,3557.75097905377,55384.270200329
"97",2015-07-06,NA,0,12910,7701,5209,16785,3285,3285,4128,15128.3912003092,0,0,0,2848.56973663203,0,0,0,3002.90705031849,0,0,0,7364.49307356429,0,0,0,2889.10455692477,0,0,0,10747.2233890931,0,0,0,3345.16039383691,0,0,0,11496.012182022
"98",2015-07-13,NA,21778,13376,7267,6109,16874,3633,3633,3388,17478.4506157882,418.032534233857,382.082389228287,453.982679239427,3720.77156251767,390.962709900032,367.556374231921,414.369045568142,3629.84166880051,342.762091079509,321.929467831949,363.59471432707,7473.37597978544,284.280658102602,65.4317944164237,503.129521788781,5926.59829141637,1377.45111683602,1305.1448375838,1449.75739608824,13126.5526902685,1489.89276409855,1418.6442176514,1561.1413105457,5012.7420066296,761.30435202505,711.237405176326,811.371298873775,7268.59548405298
"99",2015-07-20,NA,40760,15708,8288,7420,18118,4258,4258,3038,17153.2158336261,756.234345082762,669.328387950949,843.140302214575,3771.67738159917,732.485005138201,675.306576802992,789.663433473411,3796.48896273343,645.993219781296,594.111216451941,697.875223110651,8323.51149862839,719.256185923953,259.107826799261,1179.40454504865,7008.04628236617,2524.71285853619,2341.43197493458,2707.99374213779,14716.2880651621,2977.04354924216,2780.3081199577,3173.77897852662,3817.43750181907,1416.61218587772,1306.8481882634,1526.37618349205,9182.53268378173
"100",2015-07-27,NA,26420,12921,6717,6204,16810,3665,3665,2991,18027.1386711599,502.989708226956,456.266568157076,549.712848296835,4041.97184635183,474.416259747383,443.901410204771,504.931109289995,4036.27793243318,416.531482170591,389.21492947293,443.848034868252,7856.56275294591,374.547590818638,101.038461892116,648.056719745161,6260.35631881388,1662.60049291954,1567.28118851778,1757.91979732131,13984.4341637591,1837.3505651287,1740.86794420616,1933.83318605124,2784.56320994181,922.268476927159,858.984328921784,985.552624932534,2792.6246959683
"101",2015-08-03,NA,46033,14627,7429,7198,16427,3781,3781,4576,16963.7820250792,845.858736422358,741.554334624895,950.16313821982,3767.86975316037,827.480929763112,758.710722621231,896.251136904994,3732.66523248625,730.967380684651,668.329191080476,793.605570288826,8024.70437162142,871.031475420047,335.496899225719,1406.56605161437,7179.97140635764,2834.59225126898,2612.55722783663,3056.62727470132,15131.0737188507,3421.32479235111,3179.25253045282,3663.3970542494,3751.4613447354,1597.28516901279,1468.28350607315,1726.28683195243,27668.8360361634
"102",2015-08-10,NA,44094,13623,6896,6727,15491,3514,3514,4565,16264.1344579269,813.120429528426,715.377767649356,910.863091407497,3849.55924507541,792.542505128845,728.146572733473,856.938437524217,3840.5270061323,699.683090983437,641.107904239477,758.258277727397,7566.29794330398,813.656238357061,306.265207351942,1321.04726936218,6882.99115720341,2721.08837472546,2513.70476875607,2928.47198069484,14758.8271730255,3256.37731785166,3031.50603576172,3481.2485999416,5012.67784266026,1530.91665024018,1409.12327817432,1652.71002230604,25855.0813636153
"103",2015-08-17,NA,44736,14405,7418,6987,15419,3723,3723,5017,15339.939171368,823.988188839288,724.09406128483,923.882316393746,3455.20785586671,804.109753914987,738.279895557039,869.939612272935,3429.20972012349,710.036456406757,650.129889386738,769.943023426775,7498.40815094597,832.451634080434,315.796717696894,1349.10655046397,6611.12018948902,2758.72674735123,2546.54368504387,2970.90980965859,14346.1320072713,3310.78827040798,3080.28998622501,3541.28655459096,5077.49358625316,1552.90005208125,1428.73730756403,1677.06279659846,32208.8321986362
"104",2015-08-24,NA,42911,13811,6949,6862,15109,3482,3482,4905,15373.1776644138,793.021635750722,699.188683198323,886.854588303121,3805.5166351127,771.229880926089,709.438903625386,833.020858226791,3800.33683730276,680.617647922846,624.459795294133,736.775500551559,7418.23340365697,779.544703359306,289.08299021012,1270.00641650849,6619.20742368678,2651.5840801621,2452.91052688352,2850.25763344068,14216.194552906,3156.64149949415,2941.96210326146,3371.32089572684,5136.64707586872,1490.38525849246,1372.91307076958,1607.85744621534,30772.7869161968
"105",2015-08-31,NA,45000,13625,6720,6905,14411,3048,3048,4922,15094.4048577954,828.44908654661,727.664178433021,929.233994660199,3359.03577064914,808.866612644439,742.442969028195,875.290256260683,3338.45344210292,714.295298503081,653.837262755696,774.753334250465,7455.45058201511,840.238450694829,319.758459725072,1360.71844166459,6749.04436436187,2774.18771840733,2560.01622414186,2988.3592126728,14226.1389478516,3333.22115309828,3100.38936642714,3566.05293976943,4716.55528578061,1561.93740357586,1436.79537349121,1687.07943366051,32690.0814124828
"106",2015-09-07,NA,45000,13490,6700,6790,14406,2947,2947,5273,14279.5177591695,828.44908654661,727.664178433021,929.233994660199,3106.75413962426,808.866612644439,742.442969028195,875.290256260683,3088.25011260366,714.295298503081,653.837262755696,774.753334250465,7147.12600089888,840.238450694829,319.758459725072,1360.71844166459,6688.89874772359,2774.18771840733,2560.01622414186,2988.3592126728,13978.9220409446,3333.22115309828,3100.38936642714,3566.05293976943,4742.56960433926,1561.93740357586,1436.79537349121,1687.07943366051,36785.4734419207
"107",2015-09-14,NA,0,10492,5636,4856,14157,2518,2518,3547,13576.6545586695,0,0,0,2209.22767996789,0,0,0,2283.47532122646,0,0,0,6122.74405421989,0,0,0,3814.94234008573,0,0,0,10444.6329066201,0,0,0,3480.03922586536,0,0,0,6599.24305703526
"108",2015-09-21,NA,0,9810,5195,4615,13958,2249,2249,3183,14260.8783921486,0,0,0,2578.94542656823,0,0,0,2561.18440351628,0,0,0,6037.4724554641,0,0,0,4445.48439215406,0,0,0,10464.1125067299,0,0,0,3341.64636491445,0,0,0,2749.29102039275
"109",2015-09-28,NA,0,9615,5182,4433,14116,2218,2218,3155,13922.3250796014,0,0,0,2078.22398383293,0,0,0,2100.10980942422,0,0,0,5769.35674838923,0,0,0,4374.4298350156,0,0,0,10195.1103546304,0,0,0,3081.90781079122,0,0,0,1086.48318825135
"110",2015-10-05,NA,0,9189,5442,3747,14134,2213,2213,3165,14144.3248111707,0,0,0,2326.04767446916,0,0,0,2308.67620269932,0,0,0,5523.53567664531,0,0,0,4220.93757657569,0,0,0,9956.54140472458,0,0,0,3040.14363240619,0,0,0,-5782.68450167758
"111",2015-10-12,NA,24784,12903,7144,5759,14692,2736,2736,4710,14610.441047762,473.214170540027,430.412519122531,516.015821957522,2570.91431956561,444.999574785239,417.074996607088,472.924152963391,2521.6861857916,390.50417460593,365.554720958414,415.453628253447,5905.68372052228,341.544597932521,87.6209123323199,595.468283532723,5225.69024495898,1562.44313314861,1475.53919619719,1649.34707010003,11354.5880240081,1713.69612540386,1626.50974850785,1800.88250229988,4014.82928228924,865.59167149635,807.067786130125,924.115556862574,24951.7387364516
"112",2015-10-19,NA,50440,15651,7900,7751,15223,3170,3170,5916,15153.306884824,919.321418595616,799.394118135286,1039.24871905595,3229.73572552986,906.916967250598,827.721507518388,986.112426982809,3175.25838381496,802.232730041056,729.894082883046,874.571377199066,7078.53679526355,1008.20149196954,406.874542842442,1609.52844109663,6999.26547332509,3090.63807256774,2833.56971849628,3347.7064266392,14080.7084553156,3803.03595766602,3519.57777248427,4086.49414284778,5729.44739894835,1747.83053216658,1601.86527182398,1893.79579250919,47631.6028462226
"113",2015-10-26,NA,45726,14592,7335,7257,14031,2862,2862,5806,15159.5896390517,840.692252782829,737.439470898086,943.945034667572,2993.80152298388,821.94867448917,753.879700500374,890.017648477966,2988.43835885202,726.011271391978,664.024721101971,787.997821681984,7449.28610793592,861.826090333317,330.780187457269,1392.87199320937,7128.17131339848,2816.6558351515,2596.97160814028,3036.34006216273,14318.5377413817,3395.0867261258,3155.77892502931,3634.39452722229,5743.00824772381,1586.78245131164,1458.93246870327,1714.63243392001,45628.9469856654
"114",2015-11-02,NA,31690,14296,6675,7621,15712,2904,2904,6015,13588.3868922713,597.67419974617,537.395913547634,657.952485944706,2593.96438079711,569.2108483526,529.723077785543,608.698618919656,2593.73664920795,500.583006513188,465.034983442533,536.131029583842,6934.37873084022,489.664603004448,150.687708773161,828.641497235735,6197.85598067051,1982.72529711335,1858.04220562519,2107.40838860152,13280.4555641594,2244.54387076406,2115.13390535049,2373.95383617764,5256.45946301863,1104.45152247017,1025.07791818238,1183.82512675796,49445.3911896368
"115",2015-11-09,NA,125000,17521,NA,NA,NA,3452,NA,NA,17422.3679481977,1963.12159072032,1429.56369148977,2496.67948995087,4644.48211549572,2256.59568066767,1899.27046312262,2613.92089821272,4494.5663189122,2041.99265871589,1707.43511074017,2376.55020669161,10918.7267928313,4753.42342969218,2654.3246680498,6852.52219133455,12139.1430207832,7016.62517574289,5801.9411483892,8231.30920309659,23149.3421384767,11695.7903052229,10229.7880084204,13161.7926020253,8899.22695312645,4232.01614226392,3676.8526676256,4787.17961690225,NA
"116",2015-11-16,NA,125000,NA,NA,NA,NA,NA,NA,NA,17484.2021865031,1963.12159072032,1429.56369148977,2496.67948995087,4505.88714195471,2256.59568066767,1899.27046312262,2613.92089821272,3197.60922748407,2041.99265871589,1707.43511074017,2376.55020669161,10893.4724771979,4753.42342969218,2654.3246680498,6852.52219133455,11906.4430581405,7016.62517574289,5801.9411483892,8231.30920309659,20834.7003414992,11695.7903052229,10229.7880084204,13161.7926020253,8498.2257901476,4232.01614226392,3676.8526676256,4787.17961690225,NA
"117",2015-11-23,NA,125000,NA,NA,NA,NA,NA,NA,NA,17495.2872695657,1963.12159072032,1429.56369148977,2496.67948995087,4480.394249807,2256.59568066767,1899.27046312262,2613.92089821272,3535.72232030728,2041.99265871589,1707.43511074017,2376.55020669161,10948.5476034092,4753.42342969218,2654.3246680498,6852.52219133455,11684.3139269232,7016.62517574289,5801.9411483892,8231.30920309659,20834.7003414992,11695.7903052229,10229.7880084204,13161.7926020253,8249.14729585795,4232.01614226392,3676.8526676256,4787.17961690225,NA
"118",2015-11-30,NA,125000,NA,NA,NA,NA,NA,NA,NA,17497.2745030123,1963.12159072032,1429.56369148977,2496.67948995087,4455.19028755621,2256.59568066767,1899.27046312262,2613.92089821272,3515.55211947627,2041.99265871589,1707.43511074017,2376.55020669161,10948.5476034092,4753.42342969218,2654.3246680498,6852.52219133455,11472.275427325,7016.62517574289,5801.9411483892,8231.30920309659,20834.7003414992,11695.7903052229,10229.7880084204,13161.7926020253,7924.03110038453,4232.01614226392,3676.8526676256,4787.17961690225,NA
"119",2015-12-07,NA,125000,NA,NA,NA,NA,NA,NA,NA,17497.6307562536,1963.12159072032,1429.56369148977,2496.67948995087,4430.27198054504,2256.59568066767,1899.27046312262,2613.92089821272,3495.65428185262,2041.99265871589,1707.43511074017,2376.55020669161,10948.5476034092,4753.42342969218,2654.3246680498,6852.52219133455,11269.8691735144,7016.62517574289,5801.9411483892,8231.30920309659,20834.7003414992,11695.7903052229,10229.7880084204,13161.7926020253,7823.3242386772,4232.01614226392,3676.8526676256,4787.17961690225,NA
"120",2015-12-14,NA,96429,NA,NA,NA,NA,NA,NA,NA,17142.1439910088,1607.57095961608,1265.8359232591,1949.30599597306,3887.16599241961,1738.12558185696,1510.08529453253,1966.16586918139,2993.35587088264,1559.32339994991,1347.13963045399,1771.50716944582,9195.49712449947,3000.37295078248,1561.05569942127,4439.69020214369,9662.8306260611,5602.79819910922,4836.50135659122,6369.09504162722,17490.0490118507,8351.13897557439,7445.92650936345,9256.35144178532,7005.83063293901,3294.10899316603,2923.01876041206,3665.19922592,NA
"121",2015-12-21,NA,70714,NA,NA,NA,NA,NA,NA,NA,16774.9450123705,1240.36053168408,1035.87182270653,1444.84924066164,3397.52649447423,1272.84275637953,1137.03951000866,1408.6460027504,2547.6449862777,1132.97661025493,1007.67459356802,1258.27862694185,7955.42772020817,1760.30354649118,823.613763445871,2696.99332953649,8109.65231461404,4234.05446117854,3784.80660484843,4683.30231750865,14819.9086259498,5680.99858967348,5166.15454307228,6195.84263627469,6329.59943576903,2435.06166597212,2200.67165211192,2669.45167983232,NA
"122",2015-12-28,NA,50000,NA,NA,NA,NA,NA,NA,NA,16446.6323714663,912.045838254061,793.722611488308,1030.36906501981,2999.5873980894,898.984280187982,820.859854315769,977.108706060196,2190.67317834792,795.107419075273,723.766359805688,866.448478344858,7189.20814559974,994.083971882751,399.439845581528,1588.72809818397,6764.73606842358,3065.19450273454,2811.73209552416,3318.65690994492,12903.4101617176,3764.50012544129,3485.31695690545,4043.68329397712,5837.99130611693,1732.81853228146,1588.58316407732,1877.05390048559,NA
"123",2016-01-04,NA,0,NA,NA,NA,NA,NA,NA,NA,15534.5869011705,0,0,0,2076.79542127719,0,0,0,1376.72108987818,0,0,0,6195.12417371698,0,0,0,3531.48296439698,0,0,0,9138.91003627634,0,0,0,4250.66082760586,0,0,0,NA
"124",NA,NA,0,NA,NA,NA,NA,NA,NA,NA,15534.5869671347,0,0,0,2053.25755497631,0,0,0,1358.13088471244,0,0,0,6195.12417371698,0,0,0,3371.05873968015,0,0,0,9138.91003627634,0,0,0,4273.78962876728,0,0,0,NA
